MAE,RMSE,R2,MAPE
71.96333427734922,88.52394535404558,-0.3916496406909342,1645.9649705085149
