Model,RMSE,MAE,R2
XGBoost,78.43161470437796,54.41290079264299,0.3266711805006466
LightGBM,88.71671771414329,63.35041258125079,0.13849892741957925
CatBoost,74.74300829326782,50.51608199310304,0.3885146759021638
