Model,RMSE,MAE,R2
XGBoost,465.33474174512264,395.883544921875,-0.01322627067565918
LightGBM,463.1249810123568,394.8026707283635,-0.0036260625513682143
CatBoost,502.5967035130425,411.2614245773577,-0.18199268059327878
