Model,RMSE,MAE,R2
XGBoost,79.39253405999362,53.17073635284428,0.31007128752162294
LightGBM,80.32145040678307,55.85821357939675,0.29383209460834203
CatBoost,74.15645420813695,49.78957610082099,0.39807441599538884
