Model,RMSE,MAE,R2
XGBoost,34.81363962834051,17.764491402329476,0.8673388523728031
LightGBM,36.91860630260625,20.065465496819378,0.8508114521339226
CatBoost,37.793529270819356,22.62857414632738,0.8436565143902609
