Model,RMSE,MAE,R2
XGBoost,674.7029670529099,535.1971435546875,-0.21990740299224854
LightGBM,695.5836627035532,550.4637651179114,-0.2965831529314735
CatBoost,622.3522250360148,501.49673522993805,-0.03794447452705074
