Model,RMSE,MAE,R2
XGBoost,445.99027806108063,376.5196838378906,0.06926453113555908
LightGBM,445.39037834918554,375.96834058555515,0.07176662972936454
CatBoost,445.46309756616057,374.917578181411,0.07146349828531817
