Model,RMSE,MAE,R2
XGBoost,95.12781101787105,66.6875526705065,0.009487643243677124
LightGBM,95.31733004665453,66.84345696573686,0.00553700184870054
CatBoost,94.71956394067811,66.3969708222489,0.017971094556398892
