Model,RMSE,MAE,R2
XGBoost,24.09275020725404,13.657887525683748,0.9364643251875646
LightGBM,27.978105108339225,17.218171130098543,0.9143195998837222
CatBoost,25.424665670486924,15.383545622914978,0.9292452839178823
