Model,RMSE,MAE,R2
xgboost,116.09561303817766,71.18571356951706,-0.20500146431666932
lightgbm,115.96924085095448,73.31586206479861,-0.2023795600496947
catboost,119.29562741916867,75.12499762019952,-0.2723453519815031
